Week,Completion
1,0.35
2,0.535327369
3,0.760320031
4,0.884453914
5,0.938762488
6,0.954279223
7,0.965916775
8,0.974644938
9,0.981191061
10,0.986100653
11,0.989782847
12,0.992544493
13,0.994615727
14,0.996169152
15,0.997334222
16,0.998208023
17,0.998863375
18,0.999354888
19,0.999723524
20,1
21,1
22,1
23,1
24,1
25,1
26,1
27,1
